<?xml version="1.0" encoding="utf-8" ?><dwsync><file name="index.html" server="eric-gilmore.com" local="3374269683" remote="2109927100128372944" /><file name="internal.html" server="eric-gilmore.com" local="3370883241" remote="2105869318102937188" /><file name="about-arthur-langer.html" server="eric-gilmore.com" local="3370883313" remote="1798677296994699092" /><file name="columbia-faculties.html" server="eric-gilmore.com" local="3374269888" remote="2113616425496029572" /><file name="speaking.html" server="eric-gilmore.com" local="3374270097" remote="2112226780237474360" /><file name="research-publications-articles.html" server="eric-gilmore.com" local="3374270119" remote="2091087140185123444" /><file name="workforce-development-mentoring.html" server="eric-gilmore.com" local="3374270237" remote="2114800221562022636" /><file name="ALanger_site.zip" server="eric-gilmore.com" local="3372619873" remote="1900149026100477040" /></dwsync>